{
  "temperature": 0.057907868176698685,
  "vibration": 0.06874588876962662,
  "pressure": 0.1579117476940155,
  "operational_hours": 0.032467640936374664,
  "efficiency_index": 0.05843653529882431,
  "system_state": 0.05992664769291878,
  "performance_score": 0.07070870697498322
}