{
  "temperature": 0.03613419085741043,
  "vibration": 0.021199161186814308,
  "pressure": 0.13046860694885254,
  "operational_hours": 0.03037983737885952,
  "efficiency_index": 0.05712196230888367,
  "system_state": 0.04167470708489418,
  "performance_score": 0.057624686509370804
}