{
  "temperature": 0.03449686989188194,
  "vibration": 0.025351375341415405,
  "pressure": 0.08786962181329727,
  "operational_hours": 0.02133919671177864,
  "efficiency_index": 0.06633510440587997,
  "system_state": 0.02797015942633152,
  "performance_score": 0.029210034757852554
}