{
  "temperature": 9.378099093737546e-06,
  "vibration": 8.44792702991981e-06,
  "pressure": 1.7000136722344905e-05,
  "operational_hours": 6.764286808902398e-06,
  "efficiency_index": 1.0763134923763573e-05,
  "system_state": 8.40205029817298e-06,
  "performance_score": 8.284207069664262e-06
}