{
  "temperature": 0.057312410324811935,
  "vibration": 0.10067971050739288,
  "pressure": 0.2336619645357132,
  "operational_hours": 0.07652056217193604,
  "efficiency_index": 0.08138173818588257,
  "system_state": 0.140872523188591,
  "performance_score": 0.08082927763462067
}