{
  "temperature": 0.18725736439228058,
  "vibration": 0.17012402415275574,
  "pressure": 0.48922309279441833,
  "operational_hours": 0.23210184276103973,
  "efficiency_index": 0.3998274803161621,
  "system_state": 0.5594944357872009,
  "performance_score": 0.4559713900089264
}