{
  "temperature": 4.731396984425373e-06,
  "vibration": 6.731661414960399e-06,
  "pressure": 3.6392939364304766e-06,
  "operational_hours": 3.6516091768135084e-06,
  "efficiency_index": 6.116240456321975e-06,
  "system_state": 4.028846888104454e-06,
  "performance_score": 7.166111117840046e-06
}