{
  "temperature": 0.021721700206398964,
  "vibration": 0.02624351903796196,
  "pressure": 0.0629706084728241,
  "operational_hours": 0.0179445780813694,
  "efficiency_index": 0.03349475935101509,
  "system_state": 0.043087538331747055,
  "performance_score": 0.030546773225069046
}