{
  "temperature": 0.005332958418875933,
  "vibration": 0.0020860149525105953,
  "pressure": 0.014318281784653664,
  "operational_hours": 0.002334712538868189,
  "efficiency_index": 0.006726723164319992,
  "system_state": 0.011090114712715149,
  "performance_score": 0.0067532560788095
}