{
  "current_state": {
    "anomaly_score": 0.6505952477455139,
    "anomaly_detected": true,
    "recommended_action": [
      -0.32093295454978943,
      -1.5706756114959717,
      -0.5226339101791382
    ],
    "control_parameters": {
      "temperature_adjustment": -0.06549224853515626,
      "vibration_adjustment": -0.22876625061035158,
      "pressure_adjustment": -0.41723289489746096,
      "efficiency_target": 0.9189220666885376
    },
    "sensor_readings": {
      "temperature": 70.65492248535156,
      "vibration": 52.287662506103516,
      "pressure": 34.17232894897461,
      "operational_hours": 9.0,
      "efficiency_index": 0.9189220666885376,
      "system_state": 0.0,
      "performance_score": 91.89220428466797
    },
    "system_state": 0,
    "system_health": {
      "efficiency_index": 0.9189220666885376,
      "performance_score": 91.89220428466797
    },
    "insights": [],
    "rule_activations": [],
    "state_transitions": [
      [
        1.0,
        0.0,
        0.0
      ],
      [
        0.0,
        0.0,
        0.0
      ],
      [
        0.0,
        0.0,
        0.0
      ]
    ],
    "timestamp": "2024-11-20T02:48:03",
    "confidence": 0.6505952477455139,
    "history_length": 0
  },
  "state_history": [
    {
      "anomaly_score": 0.6505952477455139,
      "anomaly_detected": true,
      "recommended_action": [
        -0.32093295454978943,
        -1.5706756114959717,
        -0.5226339101791382
      ],
      "control_parameters": {
        "temperature_adjustment": -0.06549224853515626,
        "vibration_adjustment": -0.22876625061035158,
        "pressure_adjustment": -0.41723289489746096,
        "efficiency_target": 0.9189220666885376
      },
      "sensor_readings": {
        "temperature": 70.65492248535156,
        "vibration": 52.287662506103516,
        "pressure": 34.17232894897461,
        "operational_hours": 9.0,
        "efficiency_index": 0.9189220666885376,
        "system_state": 0.0,
        "performance_score": 91.89220428466797
      },
      "system_state": 0,
      "system_health": {
        "efficiency_index": 0.9189220666885376,
        "performance_score": 91.89220428466797
      },
      "insights": [],
      "rule_activations": [],
      "state_transitions": [
        [
          1.0,
          0.0,
          0.0
        ],
        [
          0.0,
          0.0,
          0.0
        ],
        [
          0.0,
          0.0,
          0.0
        ]
      ],
      "timestamp": "2024-11-20T02:48:03",
      "confidence": 0.6505952477455139,
      "history_length": 0
    }
  ],
  "knowledge_graph_state": {
    "nodes": 5,
    "edges": 4,
    "timestamp": "2024-11-20T02:48:06"
  }
}